<?xml version="1.0" encoding="UTF-8"?>
<configuration>

    <property name="LOG_PATH" value="./logs" />
    <property name="LOG_FILE_NAME" value="application_logback" />

    <appender name="ConsoleOutput" class="ch.qos.logback.core.ConsoleAppender">
        <layout class="ch.qos.logback.classic.PatternLayout">
            <Pattern>%white(%d{ISO8601}) %highlight(%-5level) [%yellow(%class{0}:%line)] : %msg%n%throwable</Pattern>
        </layout>
    </appender>

    <appender name="LogFile"
              class="ch.qos.logback.core.rolling.RollingFileAppender">
        <file>${LOG_PATH}/${LOG_FILE_NAME}.log</file>
        <encoder class="ch.qos.logback.classic.encoder.PatternLayoutEncoder">
            <Pattern>%d{yyyy-MM-dd HH:mm:ss} %-5level %class{0} : %msg%n</Pattern>
        </encoder>

        <rollingPolicy class="ch.qos.logback.core.rolling.TimeBasedRollingPolicy">
            <fileNamePattern>${LOG_PATH}/archived/${LOG_FILE_NAME}-%d{yyyy-MM-dd}.%i.log</fileNamePattern>
            <timeBasedFileNamingAndTriggeringPolicy class="ch.qos.logback.core.rolling.SizeAndTimeBasedFNATP">
                <maxFileSize>10MB</maxFileSize>
            </timeBasedFileNamingAndTriggeringPolicy>
        </rollingPolicy>
    </appender>

    <root level="info">
        <appender-ref ref="LogFile" />
        <appender-ref ref="ConsoleOutput" />
    </root>

    <logger name="com.log" level="trace" additivity="false">
        <appender-ref ref="LogFile" />
        <appender-ref ref="ConsoleOutput" />
    </logger>

</configuration>